{"cameraMode":{"drawMode":0,"name":"Shaded","section":"Shading Mode"},"sceneLighting":true,"audioPlay":false,"sceneViewState":{"m_AlwaysRefresh":false,"showFog":true,"showSkybox":true,"showFlares":true,"showImageEffects":true,"showParticleSystems":true,"showVisualEffectGraphs":true,"m_FxEnabled":true},"in2DMode":false,"pivot":{"x":-1.0388849973678589,"y":2.9345130920410158,"z":-19.07335662841797},"rotation":{"x":0.0008096343954093754,"y":0.9966055154800415,"z":0.08179540932178498,"w":-0.009866815060377121},"size":13.93385124206543,"orthographic":false}